Section	Name	Field1Label	Field1Value	Field2Label	Field2Value
Sales Forms	Sales Order Form	Description	Created by the Sales Rep for dealer and retail client orders. Includes the delivery or pickup date. Used by the Delivery Head to schedule routes. Signed by the client if pickup with terms.	Usage	Sales Rep creates Sales Order Form · Specifies delivery/pickup date · Delivery Head reads to schedule route · Client signs for pickup with terms
Accounting Forms	Invoice	Description	Billing document issued to clients. Collected by Accounting together with the DR and Sales Order as a package for receivables reconciliation. Linked to the Accounts Receivable subprocess.	Usage	Issued on delivery · Accounting collects DR + Sales Order + Invoice · Used for monthly receivables summary and bank reconciliation
Accounting Forms	Credit Notes (CR)	Description	Document issued to the client recording the cylinder weight residue credits. Contains the cylinder serial number and weight residue. Warehouse generates 2 DRs and 2 CRs per delivery. Threshold: 1–3 kg residue triggers roundup/rounddown classification.	Usage	Pahinante records weight · Driver provides Credit Notes to client with cylinder serial # and weight residue · Submitted to Accounting
Accounting Forms	Promissory Note	Description	Required fallback payment-security document for a dealer who cannot issue Post-Dated Checks. Executed before installment credit is extended in place of PDCs.	Usage	Used when dealer cannot provide PDCs · Executed before installment terms are granted · Filed alongside the dealer's AR record
Accounting Forms	Post-Dated Checks (PDC)	Description	Default payment security collected from dealers on installment terms (about 70% of dealers). A Promissory Note is the required fallback when a dealer cannot issue PDCs.	Usage	Collected for installment orders · Tracked in Google Sheets by due date · Missing PDC triggers Promissory Note requirement
Operations Forms	Entry/Exit Slip (EES)	Description	Gate document issued to a dealer or retail vehicle on plant entry, recording cylinder quantities and tank classification. Validated by the Guard on both entry and final exit.	Usage	Guard issues on vehicle entry · Guard validates tank classification · Guard performs final exit verification before release
Operations Forms	Loading/Unloading Ticket (LUT)	Description	Cover cylinder sizes 2.7 kg, 11 kg, and 50 kg. Used to balance empty and field cylinder data when preparing the Incentive template for payroll.	Usage	Accounting uses LUT forms (check 2.7kg, 11kg, 50kg) to balance empty and field cylinders · Feeds into Incentive template · Used for Commercial and Retail payroll
Operations Forms	Picklist	Description	Warehouse picking document generated per order. Lists the specific cylinders (type, size, quantity) to be picked from storage for a delivery. Generated before the Delivery Receipt.	Usage	Warehouse generates Picklist after order confirmation · Staff picks cylinders per Picklist · Feeds into DR generation
Operations Forms	Delivery Receipt (DR)	Description	The primary delivery document that accompanies each cylinder delivery. The Driver carries the DR for multiple clients. The client signs the DR on receipt. The signed DR is submitted to Accounting for General Ledger reconciliation.	Usage	Warehouse generates 2 DRs and 2 CRs per delivery · Driver carries DR to client · Client signs · Driver submits signed DR to Acctg · Acctg reconciles GL with signed DR and AR
Operations Forms	Receiving Report (RR)	Description	Document filled by the Plant Manager when a Lorry Truck delivery arrives from the Refinery Supplier. Records the volume unloaded to the Storage Tank. Any changes in quantity after the RR are reported separately.	Usage	Plant Manager fills RR on truck arrival · Documents volume unloaded · Post-RR changes reported separately · Feeds into inventory records
Operations Forms	Purchase Order (PO)	Description	Procurement document forwarded by the Purchaser to the Refinery Supplier to order gas stock. Triggers the inbound delivery process at the plant, which generates the Receiving Report.	Usage	Purchaser forwards PO to Refinery Supplier · Supplier schedules Lorry Truck delivery · Plant Manager receives and logs in RR
Accounting Forms	General Ledger (GL)	Description	The central accounting ledger entry updated for each delivery and financial transaction. OIC-Accounting reconciles the General Ledger with the signed DR and AR after each delivery cycle. Usage	Warehouse submits DR to OIC-Accounting to make General Ledger and Inventory entry · OIC-Accounting reconciles GL with signed DR and AR.	
T5-Appsheet Capture & Data Table	T5.2 & T5.1 RFR-Appsheet	Description	Appsheet for refilling cylinders.	Usage	Checker encodes transaction in RFR-AppSheet. OIC-Accounting verifies RFR-AppSheet vs. Invoice before release
T5-Appsheet Capture & Data Table	T5.2 & T5.1 Bulk Sales	Description	Encode and Check Bulk Sales. This will extract the real-time approval matrix process currently done in ACCPAC. 	Usage	T1 - Summary table for ACCPAC encoding/checking,T2 - Inventory Month-end Report,T3 - Overall Sales Summary,T4 - Basic Sales Summary ,T5 - Sales Entry Form.
T5-Appsheet Capture & Data Table	T5.2 & T5.1 Cylinder Sales	Description	Appsheet for encoding and checking cylinder (retail) sales transactions. This will extract the real-time approval matrix process currently done in ACCPAC.	Usage Checker encodes cylinder sales transactions in T5.1; OIC-Accounting verifies/checks in T5.2 before the transaction is posted or released.
T5-Appsheet Capture & Data Table	T5.2 & T5.1 Appsheet Capture & Data Table	Description AppSheet system consolidating all T5.1 (encoding) and T5.2 (checking) transaction forms — RFR-Appsheet, Bulk Sales, Cylinder Sales, Purchases, Tank Readings, Floor Stock Count, Adjustments & Returns, and Invoices — into one real-time data capture tool, extracting the approval matrix process currently done in ACCPAC. Usage Checkers/encoders use the respective T5.1 form for real-time capture; OIC-Accounting uses the corresponding T5.2 form to verify/approve each transaction before release, with consolidated data feeding the T1–T4 summary and inventory reports.
T5-Appsheet Capture & Data Table	T5.2 & T5.1 Purchases	Description	Appsheet for encoding and summarizing Purchase Orders. This will extract the real-time approval matrix process currently done in ACCPAC.	Usage	
T5-Appsheet Capture & Data Table	T5.2 & T5.1 Tank Readings	Description	Appsheet for encoding and summarizing daily physical inventory (DPI). This will extract the real-time approval matrix process currently done in ACCPAC.  Current Procedures  The Operations Supervisor takes the tank reading daily. The readings are recorded manually on paper and then sent to the GC Telegram group for monitoring. 
T5-Appsheet Capture & Data Table	T5.2 & T5.1 Floor Stock Count	Description	xxx
T5-Appsheet Capture & Data Table	T5.2 & T5.1 Adjustments & Returns	Description	xxx
T5-Appsheet Capture & Data Table	T5.2 & T5.1 Invoices	Description	xxx
T4-Normal Ledgers	T4.2 Invoices Ledger
T4-Normal Ledgers	T4.2 Daily Readings & DPI Ledger
T4-Normal Ledgers	T4.2 Movements Ledger
T4-Normal Ledgers	T4.1 Reconciliation Table
T3-Summary Reports	T3.2 Movements Summary
T3-Summary Reports	T3.2 Transfers Summary
T3-Summary Reports	T3.2 Readings Summary
T3-Summary Reports	T3.1 Inventory Month-End Report
T2-Final Ledgers	
T2-Final Ledgers	
Operations Reports	General Refilling Report (GRR)	Description	xx	Usage	
Operations Reports	LPG Pricing Matrix	Description	Dashboard document for deciding gas prices across all sales avenues. Reviewed 1–3 times per month in a General Meeting. Covers Sales Price, MPL, Total Cost (Acq Cost + Hauling), kg per avenue, and volume discounts for different radii.	Avenues	Commercial to Retail and semi-dealers · MPL volume discounts by radius · End-user SRP vs. competitors
Sales Reports	Sales Performance Report (SPR)	Description	Bi-weekly or monthly sales report printed by IT Head depending on inventory volume. Fields: sales per kg, total sales, net sales, cost of sales (with formula), Gross Profit Margin per kg and total GPM.	Usage	IT Head prints SPR · Shared with management · Informs Pricing Matrix decisions	Current Procedures	The Sales Performance Report is prepared as xx and presented to monitor the total gains and losses on a weekly and monthly basis
Accounting Reports	Incentive Template	Description	Template used for bi-monthly (15th and 30th) payroll incentive computation for Commercial and Retail channels. Populated using LUT forms and cylinder balance data.	Usage	Prepare Incentive template for Commercial and Retail · Use LUT forms to balance cylinder data · Encode in payroll on 15th and 30th
Accounting Reports	Aged Receivables	Description	Summary report of outstanding client receivables organized by age and duration. Printed monthly as part of the Accounts Receivable subprocess to identify overdue accounts.	Usage	Print summary of Aged Receivables monthly · Review overdue accounts · Escalate for dispute resolution or write-off
Accounting Reports	Payroll Summary	Description	Monthly payroll summary document for all staff. Consolidates all incentive computations and salary data. Used as the official payroll record for the period.	Usage	Prepared after Incentive template is finalized · Covers all staff · Released on the 15th and 30th of each month
Accounting Reports	Budget PNL	Description	Budgeted Profit and Loss report for industrial projects. Sets the expected financial targets against which the Actual PNL is compared during project review.	Usage	Prepared at project start · Compared against Actual PNL during review · Part of Industrial Projects tracking subprocess
Accounting Reports	Actual PNL	Description	Actual Profit and Loss performance report for industrial projects. Compared against the Budget PNL to measure project financial performance.	Usage	Updated as project progresses · Compared with Budget PNL · Part of Industrial Projects tracking subprocess
